{"cameraMode":{"drawMode":0,"name":"Shaded","section":"Shading Mode"},"sceneLighting":true,"audioPlay":false,"sceneViewState":{"m_AlwaysRefresh":false,"showFog":true,"showSkybox":true,"showFlares":true,"showImageEffects":true,"showParticleSystems":true,"showVisualEffectGraphs":true,"m_FxEnabled":true},"in2DMode":false,"pivot":{"x":22.900001525878908,"y":3.4200000762939455,"z":31.420000076293947},"rotation":{"x":-0.05384646728634834,"y":0.09124055504798889,"z":-0.004940949380397797,"w":-0.9943532943725586},"size":15.385688781738282,"orthographic":false}